ocm_id,name,address,town,state,postcode,lat,lon,num_points,operator,usage_type,status_type
48229,TAPPS,2213 Gerritsen Ave,Brooklyn,NY,11229,40.6015954,-73.9346045,,,,
352638,Bical Auto Mall - Bical Parking,2859 Flatbush Ave,Brooklyn,NY,11234,40.602038,-73.912661,,,,
352634,Bical Auto Mall - Bical Auto Mall DCFC,2859 Flatbush Ave,Brooklyn,NY,11234,40.601815,-73.912651,,,,
263014,3000 Ocean Pkwy Apartments 2,3000 Ocean Parkway,Brooklyn,NY,11235,40.5775921,-73.969165,,,,
352490,201 Brighton 1st Rd - Garage,201 Brighton 1st Rd,Brooklyn,NY,11235,40.575202,-73.966603,,,,
352511,532 Neptune Avenue,532 Neptune Ave,Brooklyn,NY,11224,40.57886583436617,-73.97256106492748,,,,
226590,626 Sheepshead Bay Rd - Parking,626 Sheepshead Bay Rd,Brooklyn,NY,11224,40.57897316619045,-73.97511250278187,,,,
277125,532 Neptune Upper Parking,532 Neptune Ave,New York,NY,11211,40.57978,-73.97439,,,,
352587,Kings Nissan,2758 Coney Island Ave,Brooklyn,NY,11235,40.589167,-73.960707,,,,
352572,430806  Avalon Brooklyn Bay (Shared),1524 Sheepshead Bay Rd,Brooklyn,NY,11235,40.58711,-73.95346,,,,
89629,THE VUE,1809 Emmons Ave,Brooklyn,NY,11235,40.5837551,-73.9501228,,,,
352562,430806  Avalon Brooklyn Bay,1524 Sheepshead Bay Rd,Brooklyn,NY,11235,40.5859085,-73.9537896,,,,
352555,2750 East 12th St Series,2750 East 12th Street,Brooklyn,NY,11235,40.58429054995201,-73.95775203231837,,,,
263016,Kings Bay,2520 Batchelder St,Brooklyn,NY,11235,40.59164,-73.93749,,,,
294535,PLAZA HONDA PUBLIC LEVEL 3,2705 Nostrand Avenue,Brooklyn,NY,11210,40.618355,-73.945087,,,,
352706,PLAZA HYUNDAI PUBLIC LEVEL 3,2705 Nostrand Ave.,Brooklyn,NY,11210,40.618364,-73.945066,,,,
226660,New Tech Energy,800 Ocean Pkwy,Brooklyn,NY,11230,40.628872,-73.971992,,,,
352783,581 Ocean Parkway,581 Ocean Pkwy,Brooklyn,NY,11218,40.6342434,-73.9717521,,,,
277135,The 19th Ave Condominium,886 Dahill Road,Brooklyn,NY,11204,40.626403,-73.977822,,,,
352666,The Venetian - Garage,431 Avenue P,Brooklyn,NY,11230,40.609178,-73.971448,,,,
263019,Carnegie Management,1544 Ocean Pkwy,Brooklyn,NY,11230,40.61095,-73.968547,,,,
352679,1535 E 14th St - Basement 1,1535 E 14th St,Brooklyn,NY,11230,40.611982,-73.959622,,,,
352635,30 Bay 29th Street,30 Bay 29th St,Brooklyn,NY,11214,40.60185,-73.99552,,,,
467117,BHU - Bensonhurst#1 Municipal Parking Field,1763 86th St,Brooklyn,NY,11214,40.608064,-74.002928,,,,
226668,BORO PARK BORO CHARGE 3,4915 10th Ave,Borough Park,NY,11219,40.63851,-73.998605,,,,
352803,BORO PARK BORO CHARGE 8,4915 10th Ave,Borough Park,NY,11219,40.638536,-73.99864,,,,
226664,BRT STATION 1,6401 6th Ave,Sunset Park,NY,11220,40.63557,-74.01628,,,,
352795,Bay Ridge Nissan,6501 5th Ave,Brooklyn,NY,11220,40.636324,-74.019228,,,,
62138,BRI - Bay Ridge Municipal Parking Garage,8501 5th Ave,Brooklyn,NY,11209,40.621698,-74.02567,,,,
226646,HCBR STATION 1,9013 4th Ave,Brooklyn,NY,11209,40.619335,-74.029466,,,,
269704,Reseller Warehouse - Bright Energy Services,9030 Fort Hamilton Parkway,Brooklyn,NY,11209,40.61777,-74.02713,,,,
352665,EVCS-01 BUILDING 129,221 Washington Dr,Brooklyn,NY,11209,40.608875,-74.025917,,,,
467114,Best Buy - Tesla Supercharger,8923 Bay Pkwy,Brooklyn,NY,11214,40.594772,-73.998751,,,,
352612,Target - Tesla Supercharger,8949 Bay Pkwy,Brooklyn,NY,11214,40.594639,-73.999969,,,,
280674,"Brooklyn, NY Supercharger",3035 Cropsey Ave,Brooklyn,NY,11224,40.581278326014804,-73.98490962823132,12.0,,,
352535,Raymour & Flanigan RF#1091,3035 Cropsey Ave,Brooklyn,NY,11224,40.5819835,-73.9845913,,,,
226570,Hylan New Dorp Plaza,430 New Dorp Ln,Staten Island,NY,10306,40.569064,-74.109548,,,,
226508,Staten Island University Hospital (South Side 375 Sequine Ave),375 Seguine Ave,Staten Island,NY,10309,40.516758,-74.196379,,,,
226594,Staten Island Mall Richmond Ave Entrance,2655 Richmond Ave.,Staten Island,NY,10314,40.581734,-74.168433,,,,
226598,Staten Island Mall Dave and Busters,2655 Richmond Ave.,Staten Island,NY,10314,40.582698,-74.167876,,,,
226605,Staten Island Mall Tommys Tavern and Tap,2655 Richmond Ave.,Staten Island,NY,10314,40.581128,-74.167923,,,,
352678,1441 Richmond Ave,1441 Richmond Ave,Staten Island,NY,10314,40.6116,-74.1564,,,,
352680,Expressway Plaza - Tesla Supercharger,1445 Richmond Ave,Staten Island,NY,10314,40.612043,-74.156647,,,,
226592,Staten Island Mall Macys,2655 Richmond Ave.,Staten Island,NY,10314,40.583139,-74.166332,,,,
226635,CORP COMM 3 STATION 1 CC3,Teleport Dr/Corp Commons Bldg,Staten Island,NY,10314,40.604213,-74.179561,,,,
352649,CORP COMM 3 STATION 2 CC3,Teleport Dr/Corp Commons Bldg,Staten Island,NY,10314,40.604154,-74.179546,,,,
226632,CORP COMM 3 STATION 6 CC3,Teleport Dr/Corp Commons Bldg,Staten Island,NY,10314,40.603961,-74.179472,,,,
142321,Dana Ford Lincoln,266 W Service Rd,Staten Island,NY,10314,40.587162,-74.194747,,,,
142351,IKEA Distribution Services Center,586 Gulf Avenue,Staten Island,NY,10314,40.613685,-74.184556,,,,
226637,HAMPTON INN STATION 3,1120 South Ave,Staten Island,NY,10314,40.612671,-74.17882,,,,
226652,National Grid - Staten Island,200 Gulf Ave,Staten Island,NY,10303,40.624733,-74.179551,,,,
246239,TRMC Parking Garage,640 Pearl Street,Elizabeth,NJ,7207,40.659784,-74.213515,,,,
124881,Elizabeth Parking Authority - J Christian Bollwage Garage,37 Caldwell Pl,Elizabeth,NJ,07201,40.663848,-74.216585,,,,
246243,Mills at Jersey Gardens,633-637 Kapkowski Rd,Elizabeth,NJ,07201,40.66244,-74.17328,10.0,,,
165131,"Elizabeth, NJ",651 Kapkowski Road,Elizabeth,NJ,07201,40.662915,-74.17379,16.0,,,
352934,The Mills at Jersey Gardens - Tesla Supercharger,651 Kapkowski Road,Elizabeth,NJ,07201,40.662915,-74.17379,,,,
102822,Spectrum,100 Cable Way,Staten Island,NY,10303,40.630898,-74.168358,,,,
142355,HD OF SI,1973 Forest Ave,Mariners Harbor,NY,10303,40.626186,-74.155136,,,,
226704,UPM STATION 1,105.5 North St,Bayonne,NJ,07002,40.655056,-74.135582,,,,
131489,Bruno's Bakery and Restaurant,676 Forest Ave,Staten Island,New York,10310,40.629216,-74.111537,2.0,,,
352756,Bruno's Bakery and Restaurant Forest Ave - Tesla Destination,676 Forest Ave,Staten Island,NY,10310,40.629216,-74.111537,,,,
131459,Bruno's Bakery and Restaurant,1650 Hylan BLVD,Staten Island,New York,10305,40.588091,-74.089936,2.0,,,
352579,Bruno's Bakery and Restaurant Hylan Blvd - Tesla Destination,1650 Hylan Blvd,Staten Island,NY,10305,40.588091,-74.089936,,,,
110544,Nissan of Staten Island,1976 Hylan Blvd,Staten Island,NY,10306,40.581432,-74.097694,,,,
226583,NYC FLEET DPRMBLOT8_2_L3,920 Father Capodanno Blvd,Midland Beach,NY,10305,40.572636,-74.08616,,,,
226609,Staten Island University Hospital (North Side 475 Seaview Ave.),475 Seaview Ave,Staten Island,NY,10305,40.584709,-74.086124,,,,
226611,320 Mason Ave,320 Mason Ave,New York,NY,10305,40.584984,-74.088044,,,,
269702,ISLAND SUBARU SUBARU SERV 1,111 Quintard St,Staten Island,NY,10305,40.594646,-74.082769,,,,
352621,Honda of Staten Island,1232 Hylan Boulevard,Staten Island,NY,10305,40.59751067999147,-74.0836837458115,,,,
246473,Bridge Towers Location 1,111 Wadsworth Ave,New York,NY,10033,40.605198,-74.064384,,,,
226631,NPS NERO - STIS - Fort Wadsworth - Mechanic Shop - Fuel Station 1,207 New York Ave,Staten Island,NY,10305,40.60391,-74.058548,,,,
277128,VNB NB 1,1064 Tompkins Ave.,Staten Island,NY,10305,40.600894,-74.063265,,,,
226600,NYC FLEET DPROCBRZAC_2_L3,625 Father Capodanno Blvd,South Beach,NY,10305,40.582787,-74.07527,,,,
226604,NYC FLEET DPROCBRZAC_1_L3,625 Father Capodanno Blvd,South Beach,NY,10305,40.583011,-74.075108,,,,
263021,Superior Realty Group,9602 4th Avenue,Brooklyn,NY,11209,40.61517985216326,-74.0319846196921,,,,
467118,20 Cliff St - Outdoor Parking,20 Cliff St,Staten Island,NY,10305,40.610999,-74.0603285,,,,
142362,SGE - St. George Courthouse Garage,54 Central Ave,Staten Island,NY,10301,40.639469,-74.076912,,,,
352804,Bay Street Landing Home Owners Association (BSL HOA),30 Bay Street Landing,Staten Island,NY,10301,40.63865301141443,-74.0749707323156,,,,
226673,Empire Outlets Garage,35B Richmond Terrace,Staten Island,NY,10301,40.644065,-74.075153,,,,
79612,Propark - Madox Apartments,198 Van Vorst St,Jersey City,NJ,07302,40.71387,-74.04138,1.0,,,
131493,101 Hudson-Littleman Parking,101 Hudson Street,Jersey City,NJ,07311,40.71585,-74.035362,4.0,,,
353291,101 Hudson-Littleman Parking - Tesla Destination,101 Hudson St,Jersey City,NJ,07311,40.71585,-74.035362,,,,
294559,10 Exchange Pl. Garage,10 Exchange Pl.,Jersey City,NJ,07302,40.71662150647494,-74.03390856845364,,,,
62140,Hyatt Regency Jersey City on the Hudson - Tesla,2 Exchange Pl,Jersey City,NJ,07302,40.7171013,-74.0317368,2.0,,,
246281,Hyatt Regency Jersey City on the Hudson - Tesla Destination,2 Exchange Pl,Jersey City,NJ,07302,40.716966,-74.032769,,,,
48823,Crystal Point Garage,2 2nd Street,Jersey City,NJ,07302,40.7215275250882,-74.0318107,5.0,,,
115871,Littleman Parking Crystal Point Garage - Tesla Destination,2 Second St,Jersey City,NJ,07032,40.721293,-74.03204,,,,
277165,430804  Avalon Cove,444 Washington Boulevard,Jersey City,NJ,7310,40.7225416,-74.0354456,,,,
246286,Veris Residential,475 Washington Blvd,Jersey City,NJ,07310,40.719128,-74.033226,,,,
131458,160 Greene-Littleman Parking,135 Greene St,Jersey City,New Jersey,07311,40.718398,-74.035327,4.0,,,
353326,160 Greene-Littleman Parking - Tesla Destination,135 Greene St,Jersey City,NJ,07311,40.718398,-74.035327,,,,
72272,Modera Lofts,350 Warren ST,Jersey City,NJ,07302,40.719871,-74.0381811,,,,
353344,Modera Lofts,350 Warren ST,Jersey City,NJ,07302,40.719871,-74.0381811,,,,
246290,148 GREENSPOT 5,150 1st St,Jersey City,NJ,07302,40.721395,-74.039716,,,,
100178,"Jersey City, NJ – First Street (Valet & Pay to Park)",160 First Street,Jersey City,NJ,07302,40.721595,-74.040469,6.0,,,
353368,160 GREENSPOT 9,160 1st St,Jersey City,NJ,07302,40.721463,-74.040446,,,,
91823,Propark the Morgan At Provost Square,160 Morgan St,Jersey City,New Jersey,07032,40.720023,-74.040243,3.0,,,
125152,Littleman Parking 129 Montgomery,129 Montgomery St,Jersey City,New Jersey,07302,40.716989,-74.040043,4.0,,,
353305,Littleman Parking 129 Montgomery - Tesla Destination,129 Montgomery St,Jersey City,NJ,07302,40.716989,-74.040043,,,,
246283,"PH Urban Renewal, LLC",25 Columbus Drive,Jersey City,NJ,7302,40.717549,-74.038363,,,,
131461,135 Greene-Littleman Parking,135 Greene St,Jersey City,New Jersey,07311,40.7174973,-74.0367399,4.0,,,
353312,135 Greene-Littleman Parking - Tesla Destination,135 Greene St,Jersey City,NJ,07311,40.717497,-74.03674,,,,
142407,JERSEYCITY MONTGOMERY2,281 Marin Blvd,Jersey City,NJ,07302,40.71709,-74.04249,,,,
226817,Columbus Garage LLC - Tesla Destination,66 Christopher Columbus Dr,Jersey City,NJ,07302,40.720034,-74.044617,,,,
114128,Vantage,33 Park View Ave,Jersey City,New Jersey,07392,40.7133979,-74.04439,2.0,,,
115869,Vantage - Tesla Destination,33 Park View Ave,Jersey City,NJ,07392,40.713398,-74.04439,,,,
282562,Liberty Science Center,222 Jersey City Blvd,Jersey City,NJ,07305,40.7076871214207,-74.0555674462554,,,,
87349,Propark the Beacon,20 Beacon Way,Jersey City,NJ,07304,40.722203,-74.064287,3.0,,,
353379,Propark The Beacon - Tesla Destination,20 Beacon Wy,Jersey City,NJ,07304,40.722203,-74.064287,,,,
226803,JERSEYCITY BERRYLANEPARKL2,1017 Garfield Ave,Jersey City,NJ,07304,40.713074,-74.06836,,,,
142399,New Jersey City University,2039 Kennedy Blvd,Jersey City,NJ,07305,40.710309,-74.086912,,,,
226788,JERSEYCITY FULTON AVE LOT2,207 Fulton Ave,Jersey City,NJ,07305,40.704683,-74.087169,,,,
159682,JERSEYCITY ANNEX KEARNEY,1 Jackson Square,Jersey City,NJ,07305,40.710438,-74.07823,,,,
269727,HUDSON COUNTY LP LOT A ST1,350 Duncan Ave,Jersey City,NJ,07306,40.7294,-74.08564,,,,
121255,HUDSON COUNTY,31 Nunda Ave,Jersey City,NJ,07304,40.7240144,-74.0841081,,,,
246291,HUDSON COUNTY LINCOLN PARK 1,31 Nunda Ave,Jersey City,NJ,07304,40.722775,-74.08558,,,,
246280,Hudson Nissan,585 State Route 440,Jersey City,NJ,07304,40.71696,-74.09634,,,,
294560,HUDSON TOYOTA IN SHOP N SIDE,617 NJ-440,Jersey City,NJ,07305,40.717912,-74.096051,,,,
282564,HUDSON TOYOTA CPE250 #2,617 NJ-440,Jersey City,NJ,07305,40.717452,-74.096006,,,,
294561,HUDSON TOYOTA OUTSIDE N SIDE,617 NJ-440,Jersey City,NJ,07305,40.717967,-74.09598,,,,
353426,Kearny Building 9,9 Basin Drive,Kearny,NJ,07032,40.7271907,-74.1043128,,,,
294563,SWTCH Energy Inc.,78 John Miller Way,Kearny,NJ,07032,40.7243,-74.1095,,,,
263041,JERSEYCITY KELLOGG PUB 1,60 Kellogg st,Jersey City,NJ,07305,40.711684,-74.102232,,,,
263039,JERSEYCITY KELLOGG PUB 2,60 Kellogg Street,Jersey City,NJ,07305,40.711569,-74.102108,,,,
294541,EDGE APTS CHARGER 2,170 Avenue F,Bayonne,NJ,07002,40.662281,-74.112756,,,,
294540,EDGE APTS CHARGER 1,170 Avenue F,Bayonne,NJ,07002,40.661877,-74.112359,,,,
142377,IKEA - Elizabeth,1000 IKEA Drive,Elizabeth,NJ,07201,40.674678,-74.169738,,,,
353015,IKEA USA ELIZABETH 1,1000 Ikea Dr,Elizabeth,NJ,07201,40.67468,-74.169726,,,,
282558,MAHER MMR1,2380 Tripoli Street,Elizabeth,NJ,07201,40.673354,-74.156373,,,,
353002,Wawa Elizabeth #8320,595 Spring St,Elizabeth,NJ,07201,40.6734159,-74.2000922,,,,
352995,Wawa - Tesla Supercharger,595 Spring St,Elizabeth,NJ,07201,40.672446,-74.19959,,,,
226752,Stop and Shop Elizabeth,801 Newark Avenue,Elizabeth,NJ,07208,40.681815,-74.206827,,,,
277153,The Avion,1023 Neck Lane,Elizabeth,NJ,7201,40.6820877,-74.1957269,,,,
263034,SHOP1 TOYOTA SERVICE,1465 N Broad St,Hillside,NJ,07205,40.699219,-74.2152,,,,
353193,UAL EMPLOYEE 737 LOT STN 3,1 International Way,Newark,NJ,07114,40.704349,-74.185698,,,,
353150,PANYNJ EWR P4 STATION5,EWR Station P4 Daily Parking Garage Newark Li,Newark,NJ,07114,40.69647,-74.183691,,,,
142391,PANYNJ EWR P4 STATION7,EWR Station P4 Daily Parking Garage Newark Li,Newark,NJ,07114,40.696413,-74.183656,,,,
353152,PANYNJ EWR P4 STATION6,EWR Station P4 Daily Parking Garage Newark Li,Newark,NJ,07114,40.696494,-74.18357,,,,
226764,PANYNJ EWR CONRAC 4,132 Carson Rd Newark Liberty International Ai,Newark,NJ,07114,40.689611,-74.189699,,,,
226762,PANYNJ EWR CONRAC 14,132 Carson Rd Newark Liberty International Ai,Newark,NJ,07114,40.689524,-74.189726,,,,
277154,"Newark, NJ - Lindbergh Road Supercharger",100 Lindbergh Road,Newark,NJ,07114,40.691573,-74.184322,8.0,,,
226834,NEWARK BOARD OF NWK BOE SING ST,190 Muhammad Ali Ave,Newark,NJ,07108,40.727516,-74.195755,,,,
294566,ESSEX COUNTY 320 UNIVERSITY,320 University Avenue Parking Lot basement,Newark,NJ,07102,40.735974,-74.176574,,,,
353542,ESSEX COUNTY OFF NETWORK2,73 Howard St,Newark,NJ,07103,40.737226,-74.181196,,,,
246312,County of Essex Hall of Records & Veterans Court House,9 South Orange Avenue,Newark,NJ,07103,40.736315,-74.180924,,,,
62146,ESSEX COUNTY,73 Howard St,Newark,NJ,07103,40.7372381,-74.1825513,,,,
353540,ESSEX COUNTY ADMIN DC 1,5 13th Ave JUROR LOT Howard Street or South O,Newark,NJ,07102,40.7372,-74.18202,,,,
282570,ESSEX COUNTY EMPLOY LOT DC1,40 w market street,Newark,NJ,07103,40.739313,-74.179883,,,,
353564,ESSEX COUNTY #5,16-84 W Market St,Newark,NJ,07102,40.739013,-74.181706,,,,
226852,ESSEX COUNTY #4,16-84 W Market St,Newark,NJ,07102,40.739091,-74.18168,,,,
353568,ESSEX COUNTY #1,16-84 W Market St,Newark,NJ,07102,40.739129,-74.181671,,,,
226849,ESSEX COUNTY #3,16-84 W Market St,Newark,NJ,07102,40.73895,-74.181735,,,,
353620,NJIT-STPG Park Garage - Tesla Destination,42 Wilsey Street Wilsey St,Newark,NJ,07103,40.743067,-74.182128,,,,
282571,Newark Urby,155 Washington St,Newark,NJ,07102,40.7396209,-74.1733563,,,,
115873,One Theater Square,2 Center Street,Newark,NJ,07102,40.738989,-74.167338,,,,
353563,One Theater Square,2 Center Street,Newark,NJ,7102,40.738989,-74.167338,,,,
246315,East Park Street Hospitality Urban Renewal Inc. - dba TRYP BY WYNDHAM,24 East Park Street,Newark,NJ,07102,40.738323,-74.1679201,,,,
263051,Robert Treat Hotel - Tesla Destination,50 Park Plz,Newark,NJ,07102,40.738496,-74.167206,,,,
467179,ICONIQ 777 McCarter - Iconiq Garage 2nd Floor,777 McCarter Hwy,Newark,NJ,07102,40.733906,-74.166803,,,,
159688,HQ1,1 Penn Plaza,Newark,NJ,07102,40.734657,-74.16184,,,,
159691,VERMELLA HARRIS,1100 Frank E Rodgers Blvd S,Harrison,NJ,07029,40.735935,-74.154854,,,,
159690,VERMELLA HARRIS VH 1,1100 Frank E Rodgers Blvd S,Harrison,NJ,07029,40.735767,-74.15482,,,,
294568,THE WYLDES 137,1100 S 5th St,Harrison,NJ,07029,40.736372,-74.153572,,,,
294567,THE WYLDES 71,1100 S 5th St,Harrison,NJ,07029,40.736254,-74.153572,,,,
353453,124 Polk St,124 Polk St,Newark,NJ,07105,40.72867,-74.15581,,,,
226837,"Ferry Plaza (UBP) (Newark, NJ)",311 Ferry Street,Newark,NJ,07105,40.72841,-74.1513,,,,
467168,Seabra Foods - Tesla Supercharger,281 Ferry St,Newark,NJ,07105,40.727656,-74.15031,,,,
142401,Ramada Plaza Newark,160 Frontage Rd,Newark,NJ,07114,40.712865,-74.165663,,,,
353260,Holiday Inn Newark Intl Airport North,160 Frontage Rd,Newark,NJ,7114,40.71307878682381,-74.16648231896055,,,,
57357,PARKING LOT,43 Olympia Dr,Newark,NJ,07114,40.7098571,-74.1534233,,,,
294569,Fabuwood Cabinetry,69 Blanchard Street,Newark,NJ,07105,40.73767379834314,-74.12930480640905,,,,
246335,"Walmart 5447 - Kearny, NJ",150 Harrison Ave,Kearny,NJ,07032,40.74863,-74.13629,5.0,,,
118004,"Kearny, NJ Supercharger",200 Harrison Avenue,Kearny,NJ,07032,40.749014,-74.135578,8.0,,,
353706,Wawa - Tesla Supercharger,200 Harrison Avenue,Kearny,NJ,07032,40.749014,-74.135578,,,,
353693,Kearny - Harrison Ave - Tesla Supercharger,220 Harrison Ave,Kearny,NJ,07032,40.748102,-74.135407,,,,
353860,EV REQUIRED T2881 STATION 3,200 Passaic Ave,Kearny,NJ,07032,40.760188,-74.15879,,,,
226899,RUSSO VE 3,60 Passaic Ave,Kearny,NJ,07032,40.755558,-74.160575,,,,
294579,RUSSO VE 2,60 Passaic Ave,Kearny,NJ,07032,40.755843,-74.161866,,,,
277180,EV REQUIRED T2881 STATION 8,190 Passaic Ave,Kearny,NJ,07032,40.759862,-74.159246,,,,
277181,EV REQUIRED T2881 STATION 4,196-230 Passaic Ave,Kearny,NJ,07032,40.760111,-74.15939,,,,
353622,Rite Aid - Tesla Supercharger,450 Bergen St,Harrison,NJ,07029,40.74339523,-74.15444883,,,,
226866,THE EDDY STATION 1,555 S 1st St,Harrison,NJ,07029,40.741954,-74.162394,,,,
353648,BNE MASTER HARRISON 2,1 Harrison Ave,Harrison,NJ,07029,40.745221,-74.164255,,,,
121256,BNE MASTER,1 Harrison Ave,Harrison,NJ,07029,40.745121,-74.164553,,,,
226893,IBN Construction,73 Clay St,Newark,NJ,07104,40.749746,-74.168617,,,,
353672,The Envy - Garage,58-84 Norfolk St,Newark,NJ,07103,40.7467898,-74.1823435,,,,
353696,The Arbol - Garage - Ground Floor,227 Orange St,Newark,NJ,07103,40.7483259,-74.1785377,,,,
353885,Lake St Apartments,313-315 Lake Street,Newark,NJ,07104,40.76158113106898,-74.17830254865554,,,,
226925,ESSEX COUNTY ESSEX CTY PS1,50 S Clinton St,East Orange,NJ,07018,40.762493,-74.21597,,,,
277195,Grove Crossing,50 Arlington Avenue,Bloomfield,NJ,07003,40.7815402,-74.1949195,,,,
226993,Stop and Shop 800 - Bloomfield,8 Franklin Street,Bloomfield,NJ,07003,40.783208,-74.184526,,,,
226997,CMMC PARKING DK CMMC DOCTOR DK,1 Clara Maass Drive,Belleville,NJ,07109,40.78508,-74.17567,,,,
282588,ESSEX COUNTY BRANCH BROOK PA,"36 Branch Brook Park Drive Newark, NJ 07104 C",Newark,NJ,07104,40.78444,-74.17432,,,,
227012,"UBP Bloomfield Crossing (Bloomfield, NJ)",736 Belleville Ave #36,Bloomfield,NJ,07003,40.79687,-74.17895,,,,
227020,Garden Homes - Oakes Pond at Bloomfield,40 Memorial Pkwy.,Bloomfield,NJ,07003,40.801254,-74.189563,,,,
354245,L710 BBLOM STATION 1,425 Bloomfield Ave,Bloomfield,NJ,07003,40.789218,-74.194224,,,,
14096,Lynnes Nissan City,318 Bloomfield Ave,Bloomfield,NJ,07003,40.784797,-74.193494,,,,
227000,Lynnes Subaru,379 Bloomfield Avenue,Bloomfield,NJ,07003,40.7873919,-74.1967359,,,,
28445,BMW BLOOMFIELD,425 Bloomfield Ave,Bloomfield,NJ,07003,40.7892417,-74.194571,,,,
227004,Township of Bloomfield - Municipal Lot,499 Bloomfield Ave,Bloomfield,NJ,07003,40.791094,-74.195825,,,,
159711,BLOOMFIELD GLENWOOD ST 2,304 Glenwood Ave 68 Washington st,Bloomfield,NJ,07003,40.792942,-74.198814,,,,
269743,ESSEX COUNTY GLENFIELD ST1,63 Maple Ave GLENFIELD PARK,Montclair,NJ,07042,40.804676,-74.21198,,,,
227055,OBUR STATION 2,32 Walnut Crescent,Montclair,NJ,07042,40.8131,-74.205,,,,
246461,OBUR STATION 1,311 Bay Ave,Glen Ridge,NJ,07028,40.812763,-74.203545,,,,
227054,OBUR STATION 3,1 Bay Ave,Montclair,NJ,07042,40.81276,-74.20414,,,,
282597,Montclair Township Parking Utility Fullerton Lot,10 N Fullerton Ave,Montclair,NJ,07042,40.8144871,-74.2173216,,,,
159714,Montclair Municipal Town Hall,205 Claremont Ave,Montclair,NJ,07042,40.817315,-74.215388,,,,
28461,Brassworks on Grove,105 Grove St,Montclair,NJ,07042,40.814101,-74.2078,,,,
159719,MKA M.S. CAMPUS,201 Valley Rd,Montclair,NJ,07042,40.827281,-74.216416,,,,
277205,JCM LIVING JCM NUTLEY,215 Hancox Ave,Nutley,NJ,07110,40.808323,-74.154826,,,,
28458,THREE COUNTY VW,701 Riverside Ave,Lyndhurst,NJ,07071,40.80805,-74.13685,,,,
354383,Central Medical Supply - Parking Lot,52 E Centre St,Nutley,NJ,07110,40.808754,-74.142575,,,,
227024,Stop and Shop 819 - Lyndurst,425 Lewandowski Street,Lyndhurst,NJ,07071,40.803801,-74.118242,,,,
227029,SIKA HQ SIKAEVSTATION 1,201 Polito Ave,Lyndhurst,NJ,07071,40.805778,-74.10831,,,,
142492,The Winston at Lyndhurst,120 Chubb Ave,Lyndhurst,NJ,07071,40.8023357,-74.0960077,,,,
354356,Metropolitan Center,1 Meadowlands Plaza,East Rutherford,NJ,07073,40.80625,-74.07767,,,,
246456,MET CENTER STATION 1,1 Meadowlands Plaza,East Rutherford,NJ,07073,40.806244,-74.0794,,,,
67403,HILTON ML PLAZA MEADOWLANDS 01,2 Meadowlands Plaza,East Rutherford,NJ,07073,40.805031,-74.07776,,,,
226961,DCS,135 Seaview Dr,Secaucus,NJ,07094,40.771667,-74.078616,,,,
226841,HUDSON COUNTY SKYWAY GC PS1,515 Duncan Ave,Jersey City,NJ,07306,40.733324,-74.091869,,,,
277185,SRIV - BLDG. I,6000 Riverside Station Boulevard,Secaucus,NJ,7094,40.7646961,-74.0837854,,,,
277184,SRIV - BLDG. J,4000 Riverside Station Boulevard,Secaucus,NJ,7094,40.7641645,-74.0836729,,,,
294585,ERIV - BLDG. A,1000 Riverside Station Boulevard,Secaucus,NJ,7094,40.7630617,-74.0801476,,,,
277182,PSTA - BLDG. K,200 Riverside Station Boulevard,Secaucus,NJ,7094,40.7626247,-74.0813389,,,,
277183,RSTA - BLDG. C,3000 Riverside Station Boulevard,Secaucus,NJ,7094,40.76399268,-74.08047077,,,,
277186,WRIV - BLDG. D,7000 Riverside Station Boulevard,Secaucus,NJ,7094,40.7659108,-74.0823332,,,,
113125,PANYNJ,185 Magnolia Avenue,Jersey City,NJ,07306,40.731712,-74.060969,,,,
353481,PANYNJ JSTC STATION 2,3 Journal Square Plaza PATH-JSTC,Jersey City,NJ,07306,40.732169,-74.062443,,,,
282567,HUDSON COUNTY HCIA FLEET ST6,38 Trenton St,Jersey City,NJ,07306,40.726641,-74.058888,,,,
226884,JERSEYCITY LENGORDPARKL2,227 Manhattan Ave,Jersey City,NJ,07307,40.74584,-74.058846,,,,
226872,JERSEYCITY RIVERVIEW PARK,Ogden Ave,Jersey City,NJ,07307,40.743721,-74.043112,,,,
353550,Hoboken NJ 651 Observer Highway DCFC,651 Observer Highway,Hoboken,NJ,07030,40.737549,-74.041882,,,,
125172,Sylvan Parking 837 Jersey Avenue,837 Jersey Ave,Jersey City,New Jersey,07310,40.734819,-74.045186,4.0,,,
353510,Sylvan Parking 837 Jersey Avenue - Tesla Destination,837 Jersey Ave,Jersey City,NJ,07310,40.734819,-74.045186,,,,
159689,BNE MASTER,675 Monmouth St,Jersey City,NJ,07310,40.735438,-74.047445,,,,
226833,JERSEYCITY ENOSJONESPARK,387 8th St,Jersey City,NJ,07302,40.7275,-74.05121,,,,
353461,HAMILTON GREENSPOT 10,255 Brunswick St,Jersey City,NJ,07302,40.729541,-74.050149,,,,
96706,HAMILTON,255 Brunswick St,Jersey City,NJ,07302,40.7295593,-74.0503014,,,,
125167,Sylvan Parking 273 15th Street,273 15th St,Jersey City,New Jersey,07310,40.732825,-74.045472,4.0,,,
353491,Sylvan Parking 273 15th Street - Tesla Destination,273 15th St,Jersey City,NJ,07310,40.732825,-74.045472,,,,
353490,315 15th St - Garage,315 15th St,Jersey City,NJ,07310,40.732825,-74.046194,,,,
353442,"Simon Newport Centre (Jersey City, NJ)",25 Mall Dr,Jersey City,NJ,07310,40.72806,-74.03922,,,,
100556,"Jersey City, NJ - Mall Drive West (Pay to Park)",30 Mall Drive West,Jersey City,NJ,07310-1615,40.727344,-74.039834,20.0,,,
246294,Newport Centre Mall,30 Mall Dr W,Jersey City,NJ,07310,40.7273791,-74.0386831,,,,
142420,Central Parking - Newport Town Square Garage,90 Town Square Place,Jersey City,NJ,07310,40.727176,-74.03324,,,,
467169,Newport River Market Garage - Newport River Market Garage,20 N Blvd,Jersey City,NJ,07310,40.7293463,-74.0328982,,,,
353450,EV 01 EV 03 STATION1,570 Washington Blvd,Jersey City,NJ,07310,40.728462,-74.033917,,,,
246299,EV 01 STATION 2,570 Washington Blvd,Jersey City,NJ,07310,40.728912,-74.03404,,,,
467173,Bisby Garage - Zipcar Rentals and Bisby Garage,30 Park Ln N,Jersey City,NJ,07310,40.732143,-74.0321459,,,,
142424,River Market Garage,20 North Blvd,Jersey City,NJ,07310,40.730225,-74.032749,,,,
113124,Central Parking - 25 Park Lane S,25 Park Lane S,Jersey City,NJ,07310,40.730872,-74.030469,,,,
353545,DT&P HOBOKEN DC2,415 Newark St.,Hoboken,NJ,07030,40.737291,-74.036935,,,,
353543,DT&P HOBOKEN DC1,415 Newark St.,Hoboken,NJ,07030,40.737278,-74.036988,,,,
226864,DT&P MIDTOWN GAR PS3,326 Clinton St,Hoboken,NJ,07030,40.741856,-74.03474,,,,
467188,Hoboken NJ 114 Washington Street DCFC,114 Washington Street,Hoboken,NJ,07030,40.738012,-74.030831,,,,
226847,DT&P 1ST & WASH PS1,68 1st St,Hoboken,NJ,07030,40.737427,-74.03049,,,,
353609,207 4th Street Hoboken NJ 07030,207 4th Street,Hoboken,NJ,07030,40.741686,-74.031832,,,,
282576,Hoboken NJ 346 10th Street Columbus Park,346 10th Street,Hoboken,NJ,07030,40.749391,-74.032485,,,,
294578,Hoboken NJ 471 12th St Northwest Resiliency Park,471 12th Street,Hoboken,NJ,07030,40.752042,-74.033519,,,,
353733,DORIC APARTMENT PUBLIC CHARGER,100 Manhattan Ave,Union City,NJ,07087,40.752028,-74.037227,,,,
282573,Hoboken NJ 720 Monroe Street DCFC,720 Monroe Street,Hoboken,NJ,07030,40.747778,-74.0375,,,,
353688,800 Madison St,800 Madison St,Hoboken,NJ,07030,40.747835420402,-74.0366512184151,,,,
226890,JERSEYCITY CENTRAL AVE,394 Central Ave,Jersey City,NJ,07307,40.748273,-74.047725,,,,
353786,Tower Lenox CPU LLC,500 Central Avenue,Union City,NJ,07087,40.75633331062273,-74.04275300347432,,,,
294583,NBPA LIBERTY L2 (2),600 Liberty Avenue,North Bergen,NJ,07047,40.759991,-74.050012,,,,
294584,NBPA LIBERTY L2 (1),600 Liberty Avenue,North Bergen,NJ,07047,40.760003,-74.050057,,,,
294577,Hoboken NJ 1270 Adams Street,471 12th Street,Hoboken,NJ,07030,40.7529,-74.033009,,,,
226896,DT&P 1301 JEFFERSON,1313 Jefferson St,Hoboken,NJ,07030,40.75347,-74.03328,,,,
226975,"North Bergen, NJ",3131 Kennedy Blvd,North Bergen,NJ,07087,40.775401,-74.034631,12.0,,,
354188,NBPA ADMIN LEVEL 2,4225 Bergen Turnpike,North Bergen,NJ,07047,40.78185,-74.033657,,,,
226972,"North Bergen, NJ - John F. Kennedy Boulevard",2819 John F. Kennedy Boulevard,North Bergen,NJ,07047,40.773883,-74.038139,8.0,,,
354134,Equinix - Tesla Destination,755 Secaucus Rd,Secaucus,NJ,07094,40.7773,-74.069557,,,,
142484,Town of Secaucus Police,1203 Paterson Plank Rd,Secaucus,NJ,07094,40.788043,-74.055384,,,,
102854,SECAUCUS PUBLIC LIBRARY,1379 Paterson Plank Rd,Secaucus,NJ,07094,40.793752,-74.059168,,,,
94382,SECAUCUS MUNICIPAL LOT,1535 Paterson Plank Rd,Secaucus,NJ,07094,40.79902,-74.058645,,,,
113130,SECAUCUS RECREATION CENT,1200 Koelle Blvd,Secaucus,NJ,07094,40.799955,-74.047792,,,,
354234,100 Plaza Dr,Plaza Dr,Secaucus,NJ,07094,40.7866934,-74.04604359999999,,,,
94379,Residence Inn - Secaucus Meadowlands,800 Plaza Dr,Secaucus,NJ,07094,40.786973,-74.046449,,,,
227007,"Walmart 3520 - Secaucus, NJ",400 Park Plaza Dr.,Secaucus,NJ,07094,40.79215,-74.04193,3.0,,,
467239,SWTCH Energy,1707 69th St,North Bergen,NJ,07047,40.7996641,-74.022211,,,,
227014,Mcguire Buick GMC,7027 KENNEDY BLVD,NORTH BERGEN,NJ,07047,40.798183,-74.015989,,,,
294593,WEST NEW YORK 57TH GARAGE #2,440 57th St,West New York,NJ,07093,40.786807,-74.01686,,,,
294592,WEST NEW YORK 57TH GARAGE #1,440 57th St,West New York,NJ,07093,40.786693,-74.016924,,,,
142481,RIVERBEND 1 RIVERBEND,25 Ave at Port Imperial,West New York,NJ,07093,40.779675,-74.01007,,,,
354202,WEST NEW YORK 51ST GARAGE #4,508 51st St,West New York,NJ,07093,40.783559,-74.021115,,,,
277201,430805  Avalon North Bergen,5665 John F. Kennedy Boulevard,North Bergen,NJ,7047,40.78896551,-74.02401003,,,,
354228,NBPA 1435 51ST L2,1435 51st Street,North Bergen,NJ,07047,40.786407,-74.027874,,,,
467226,NBPA 46TH ST.,1300 46th St,North Bergen,NJ,07047,40.784824,-74.026386,,,,
294589,Union City - 36th Street Garage,3715 palisade ave,Union City,NJ,07087,40.7738743,-74.0283334,,,,
159698,Whole Foods Market Weehawken,1400 Waterfront Terr,Weehawken,NJ,07086,40.761544,-74.023127,,,,
67378,Parkright - Tesla,670 W 43rd St,New York,NY,10036,40.7620919,-73.9997459,2.0,,,
353889,Sky Apts - Garage 1st Floor,605 W 42nd St,New York,NY,10036,40.761949,-73.99888,,,,
67376,Quik Park - Tesla,600 W 42nd St,New York,NY,10036,40.7607168,-73.9988815,2.0,,,
353875,555 W 42nd St,555 W 42nd Street,New York,NY,10036,40.76087,-73.99774,,,,
353827,MPG Parking,475 West 41st St,New York,NY,10036,40.758967,-73.995189,,,,
28423,CARCHARGING,450 WEST 42nd St.,New York,NY,10036,40.759041,-73.994972,,,,
226922,Gotham Parking,550 West 45th Street,New York,NY,10036,40.762307,-73.996615,,,,
353895,550 W. 45th St.,550 W. 45th St.,New York,NY,10036,40.7624,-73.99635,,,,
246376,Verizon - Manhattan,615 W 47th St,Manhattan,NY,10036,40.764495,-73.996651,,,,
246360,Manhattan Plaza,427 W 42nd St,New York,NY,10036,40.759223,-73.992703,,,,
353822,Gravity Charging Center,401-471 W 42nd St,New York,NY,10036,40.75878,-73.99293,,,,
81687,GGMC Parking 350 W 43RD Street Garage,350 West 43RD St,New York,NY,10036,40.758586,-73.991341,2.0,,,
142450,Port Authority Bus Terminal,625 8th Ave,New York,NY,10018,40.756892,-73.991771,,,,
109242,Glenwood Belmont Parking,320 E 46th St,New York,New York,10021,40.760098,-73.988828,1.0,,,
353856,Glenwood Belmont Parking - Tesla Destination,320 E 46th St,New York,NY,10021,40.760098,-73.988828,,,,
81807,Quik Park 1133 Garage LLC,1133 6th Ave,New York,NY,10036,40.755856,-73.984313,2.0,,,
246355,DOCK STATION 10,1540 Broadway,New York,NY,10001,40.757839,-73.984391,,,,
82066,Quik Park 285 W 50th Street LLC,285 W 50th W 50th St,New York,NY,10019,40.762411,-73.984495,2.0,,,
28425,CARCHARGING,225 W 49th St,New York,NY,10019,40.761376,-73.985273,,,,
353879,CARCHARGING GMC 225 W 49 #1,225 W 49th St,New York,NY,10019,40.761376,-73.985273,,,,
353883,225 W 49th St,225 W 49th St,New York,NY,10019,40.76154,-73.98518,,,,
113993,Icon Parking 235 W 48th,235 W 48th St,Manhattan,New York,10036,40.76073,-73.985995,4.0,,,
353871,Icon Parking 235 W 48th - Tesla Destination,235 W 48th St,Manhattan,NY,10036,40.76073,-73.985995,,,,
3465,Car Charging Incorporated,350 W 50th St,New York,NY,10019,40.76324463,-73.98864746,1.0,,,
3607,Car Charging Incorporated,350 W 50th St,New York,NY,10019,40.76324463,-73.98864746,1.0,,,
353913,Icon Mercury Parking,350 W 50th Street,New York,NY,10019,40.76324463,-73.98864745,,,,
353905,311 W 50th St.,311 W 50th St.,New York,NY,10019,40.76293,-73.98729,,,,
353931,301 W 53rd St.,301 W 53rd St.,New York,NY,10019,40.76458,-73.98504,,,,
353919,900 8th Ave - Garage 1st and 2nd Floor,900 8th Ave,New York,NY,10019,40.76416,-73.984372,,,,
81772,Champion Parking W 57th Street,320 W 57th St,New York,NY,10019,40.76696,-73.983569,2.0,,,
81645,Icon Parking 330 W 58th Street,330 W 58th St,New York,NY,10019,40.767879,-73.983656,2.0,,,
246392,Coliseum Park Apts - Central Parking,345 W 58th Street,New York,NY,10019,40.768432,-73.984033,,,,
246393,Manhattan Parking Group,10 Columbus Circle,New York,NY,10019,40.768721,-73.983487,,,,
90695,Rapidpark 411 W 55th Street,411 W 55th St,New York,New York,10019,40.766971,-73.987441,2.0,,,
28432,CARCHARGING,500 W 56th St,New York,NY,10019,40.768257,-73.989087,,,,
353995,The Westport,500 W 56th St,New York,NY,10019,40.768211,-73.989479,,,,
226945,MB MANHATTAN MB MANHATTANDC1,770 11th Ave,New York,NY,10019,40.768066,-73.992778,,,,
226943,MB MANHATTAN MB MANHATTANDC2,770 11th Ave,New York,NY,10019,40.768058,-73.992735,,,,
92532,MTP 625 W 57th Street,625 W 57th St,New York,New York,10019,40.77108,-73.993142,3.0,,,
82179,"MTP Parking, the Helena",601 W 57th St,New York,New York,10019,40.770709,-73.991725,2.0,,,
226967,WATERLINE 2W STATION 2,400 W 61st St,New York,NY,10069,40.7733,-73.991532,,,,
354069,1 WATERLINE STATION#2,10 Riverside Blvd,New York,NY,10069,40.772952,-73.992622,,,,
354072,1 WATERLINE STATION#3,10 Riverside Blvd,New York,NY,10069,40.773005,-73.992868,,,,
226964,1 WATERLINE STATION#7,10 Riverside Blvd,New York,NY,10019,40.772839,-73.992493,,,,
246417,Quik Park 40 Riverside Blvd - Tesla Destination,251 W 62nd St,New York,NY,10282,40.77373,-73.989713,,,,
81542,Icon 80 Riverside BLVD,80 Riverside BLVD,New York,New York,10069,40.775374,-73.989687,2.0,,,
81716,Icon 299 Peal Street Seaport Parking,238 Pearl St,New York,New York,10069,40.775374,-73.989687,2.0,,,
82296,Icon Parking 100 Riverside Blvd.,100 Riverside BLVD,New York,NY,10024,40.775474,-73.989763,2.0,,,
81928,Icon Parking 101 West End Ave,101 West End Ave,New York,NY,10023,40.775065,-73.988572,2.0,,,
67388,Icon Parking - Tesla,101 W End Ave,New York,NY,10023,40.775111,-73.9886025,2.0,,,
28435,Roosevelt Hospital Garage,515 W 59th St,New York,NY,10019,40.77079,-73.988508,,,,
79929,GGMC Parking Alfred,161 W 61st St,New York,New York,10023,40.771555,-73.986428,1.0,,,
246402,44 W 62nd St.,44 W 62nd St.,New York,NY,10023,40.7708,-73.98323,,,,
82148,Icon Parking 160 W 66th Street,160 W 66th St,New York,New York,10023,40.774541,-73.983977,2.0,,,
246426,Icon Parking OMNI - Tesla Destination,143-159 W 68th St,New York,NY,10023,40.77592,-73.98313,,,,
354121,303 W 66th St Apts - 303 W 66th RMA,303 W 66th St,New York,NY,10023,40.776554,-73.9876401,,,,
67394,Quik Park - Tesla,180 Riverside Blvd,New York,NY,10069,40.7784889,-73.9882723,2.0,,,
67395,Icon Parking - Tesla,220 Riverside Blvd,New York,NY,10024,40.7796752,-73.9873963,2.0,,,
67393,ParkIt - Tesla,200 W End Ave,New York,NY,10023,40.7779493,-73.9853955,2.0,,,
246435,Energy Plus Site 8,11 Riverside Dr,New York,NY,10023,40.781104,-73.984478,,,,
354176,300 West End Ave - Basement Garage,300 W End Ave,New York,NY,10023,40.781139,-73.983118,,,,
467224,LM NORTH PUBLIC CAP PUBLIC 1,40 Riverwalk Pl,West New York,NJ,07093,40.783032,-74.00586,,,,
226990,LM NORTH PUBLIC CAP PUBLIC 3,21 Ave at Port Imperial,West New York,NJ,07093,40.782533,-74.005419,,,,
467233,GALAXY TOWERS GALAXYSTATION1,7000 JFK Blvd E,Guttenberg,NJ,07093,40.789774,-74.000428,,,,
227002,GALAXY TOWERS GALAXYSTATION3,7000 JFK Blvd E,Guttenberg,NJ,07093,40.790502,-74.00078,,,,
125159,Icon Parking 175 W 90th Street,175 W 90th St,Manhattan,New York,10024,40.790046,-73.972531,4.0,,,
354251,Icon Parking 175 W 90th Street - Tesla Destination,175 W 90th St,Manhattan,NY,10024,40.790046,-73.972531,,,,
28444,CARCHARGING,214 W 88th St,New York,NY,10024,40.7892181,-73.9749593,,,,
246441,160 W 84th St,160 W 84th St,Manhattan,NY,10024,40.786312,-73.97569,,,,
82348,Ipark Nyc 88th Street Garage,101 W 88th St,New York,New York,10024,40.788008,-73.971611,2.0,,,
81482,Icon Parking 225 W 83 Street,225 W 83RD St,New York,New York,10024,40.786099,-73.977303,2.0,,,
74556,Rapidpark - Tesla,70 Riverside Dr,Manhattan,NY,10024,40.7850015,-73.982032,2.0,,,
90432,Rapidpark 254 W 79th Street,254 W 79th St,New York,New York,10024,40.78411,-73.980641,2.0,,,
226986,125 W 76th Street,125 W 76th Street,New York,NY,10023,40.7803975,-73.9777289,,,,
103288,"New York, NY - W 75th Street (Valet & Pay to Park)",201 W 75th Street,New York,NY,10023-1704,40.780976,-73.980414,4.0,,,
354172,W 75th Parking Garage - Tesla Supercharger,201 W 75th Street,New York,NY,10023,40.780976,-73.980414,,,,
81805,Champion Parking W 76th Street,205 W 76th St,New York,NY,10023,40.781547,-73.980475,2.0,,,
100578,Champion Parking 74 LLC,2109 Broadway,New York,New York,10023,40.780027,-73.982823,2.0,,,
354163,Champion Parking 74 LLC - Tesla Destination,2109 Broadway,New York,NY,10023,40.780027,-73.982823,,,,
458439,Highrise Parking,210 W 71st Street,New York,NY,10023,40.777905,-73.982299,,,,
246428,Lincoln Square Garage,179 West 68th,New York,NY,10023,40.776152,-73.98282,,,,
91852,GMC Copley Parking,2000 Broadway,New York,New York,10023,40.775283,-73.981627,3.0,,,
246421,ANSONIA,178 Columbus Ave,New York,NY,10023,40.77493,-73.980969,,,,
87270,Rapidpark 15 W 72ND Street,15 W 72ND St,New York,New York,10023,40.776813,-73.977083,2.0,,,
354182,AMNH-PARKING STATION 4,200 Central Park West,New York,NY,10024,40.781478,-73.974009,,,,
354180,AMNH-PARKING STATION 2,200 Central Park West,New York,NY,10024,40.781414,-73.973682,,,,
354184,AMNH-PARKING STATION 3,200 Central Park West,New York,NY,10024,40.781511,-73.973807,,,,
90430,MPG 923 5th Ave,923 5th Ave,New York,New York,10021,40.773004,-73.966152,2.0,,,
92265,Rapidpark 35 E 75th Street,35 E 75th St,New York,New York,10021,40.77364,-73.963722,2.0,,,
79854,"The Carlyle Hotel, A Rosewood Hotel",35 E 76th St,New York,NY,10021,40.77438,-73.963157,1.0,,,
79624,GGMC Parking 51-53 E 76th St Carlyle Hotel,53 E 76th St,New York,NY,10021,40.774207,-73.96282,1.0,,,
354068,NYC Parking 155 East 76th Street Garage Corp.,155 East 76th Street,New York,NY,10021,40.77292688873804,-73.95955810985014,,,,
354084,165 E 77 ST Garage,165 E 77th Street,Manhattan,NY,10075,40.773528,-73.959538,,,,
246419,101 E 78th St,101 E 78th St,New York,NY,10075,40.774878,-73.960671,,,,
67391,GGMC Parking - Tesla,50 E 79th St,New York,NY,10075,40.7760455,-73.9619154,2.0,,,
92293,Rapidpark 920 Park Avenue,920 Park Ave,New York,New York,10025,40.776574,-73.96047,2.0,,,
81977,Ipark Nyc 1025 83RD,11 E 83RD St,New York,NY,10028,40.779211,-73.960949,2.0,,,
246436,11 East 86th Street,11 East 86th Street,New York,NY,10028,40.78147,-73.95986,,,,
82130,Rapidpark 600 Columbus Ave,600 Columbus Ave,New York,New York,10128,40.78859,-73.97118,2.0,,,
105344,Rapidpark 600 Columbus Ave,100 W 89th,New York,New York,10024,40.788614,-73.97118,2.0,,,
246443,West 90th Garage Corp,101 W 90TH ST,New York,NY,10024,40.789298,-73.970535,,,,
227001,4 W 93rd St,4 W 93rd St,New York,NY,10025,40.789958,-73.966488,,,,
354253,Mt Sinai Gustave Levy Pl - Garage,1425 Madison Ave,New York,NY,10029,40.7901,-73.9537,,,,
92336,Icon Parking 1056 5th Avenue,10 E 87th St,New York,New York,10028,40.782031,-73.959484,2.0,,,
81581,Champion Parking 90 LLC,60 E 90th St,New York,New York,10028,40.783085,-73.956304,2.0,,,
354174,The Carlton - Basement,1065 Park Ave,New York,NY,10128,40.78104,-73.956345,,,,
67398,GGMC Parking - Tesla,40 E 94th St,New York,NY,10128,40.7855606,-73.9546989,2.0,,,
97585,GGMC Ruppert Car Park,245 E 90th St,New York,New York,10128,40.78098,-73.951145,2.0,,,
354173,GGMC Ruppert Car Park - Tesla Destination,245 E 90th St,New York,NY,10128,40.78098,-73.951145,,,,
354191,245 E 90th - Garage,1625 3rd Ave,New York,NY,10128,40.782305,-73.951186,,,,
82055,GGMC Yorkville Car Park,230 E 92ND St,New York,New York,10128,40.782212,-73.95023,2.0,,,
354186,Knickerbocker Plaza Car Park - Lower Level,240 E 92nd St,New York,NY,10128,40.781785,-73.949642,,,,
246438,231 E 94th Street,231 E 94th Street,New York,NY,10128,40.78351,-73.94888,,,,
82304,Ipark Nyc the Carnegie Garage,200 E 94th St,New York,NY,10128,40.783536,-73.949507,2.0,,,
354210,Highgate - Garage,182 E 95th St,New York,NY,10128,40.784219,-73.950323,,,,
246440,Carnegie Hill,215 E 96th St,New York,NY,10128,40.784865,-73.948526,,,,
84422,Ipark 1510 Lex Garage Corp.,116 E 98th St,New York,New York,10029,40.787402,-73.950546,3.0,,,
246442,1510 Lex Garage,1510 Lexington Avenue,New York,NY,10029,40.786732,-73.950411,,,,
92304,MPG 266 E 97 St,266 E 97th St,New York,New York,10021,40.785296,-73.947487,2.0,,,
92299,Rapidpark 340 94th Street,340 E 94th St,New York,New York,10128,40.782091,-73.946029,2.0,,,
104918,MPG 340 East 93RD,340 E 93RD St,New York,New York,10128,40.781413,-73.946377,2.0,,,
354178,MPG 340 East 93rd - Tesla Destination,340 E 93rd St,New York,NY,10128,40.781413,-73.946377,,,,
354137,The Andover - Garage,1675 York Ave,New York,NY,10128,40.777778,-73.946111,,,,
354126,Rivers Bend - Garage,501 E 87th St,New York,NY,10128,40.776952,-73.946235,,,,
67392,Icon Parking - Tesla,536 E 88th St,New York,NY,10128,40.7762739,-73.9444162,2.0,,,
246425,170 E End Ave,170 E End Ave,New York,NY,10128,40.775792,-73.944015,,,,
246429,200 East End Ave,200 East End Ave,New York,NY,10128,40.77729,-73.94355,,,,
354061,One Gracie Terrace - Basement Level 1 and 2,605 E 82nd St,New York,NY,10028,40.77245,-73.945767,,,,
246409,imPark 611 E 83rd Street - Tesla Destination,611 E 83rd St,New York,NY,10028,40.772681,-73.945488,,,,
226973,110 East End Ave,110 East End Ave,New York,NY,10028,40.77447,-73.94599,,,,
67385,Champion Parking - Tesla,60 E End Ave,New York,NY,10028,40.772805,-73.946965,2.0,,,
81860,Champion Parking 60 East End Avenue,60 East End Ave,New York,NY,10028,40.772712,-73.947045,2.0,,,
246408,55 East End Ave,55 East End Ave,New York,NY,10028,40.772,-73.94639,,,,
85067,Ipark 530 E 80th Street,530 E 80th St,New York,New York,10075,40.771382,-73.948344,2.0,,,
354060,The Lucerne - First Floor - Garage 1st Floor,350 E 79th St,New York,NY,10075,40.772356,-73.95332,,,,
82366,GGMC Parking 415 E 79th,415 E 79th St,New York,New York,10075,40.771918,-73.951679,2.0,,,
90356,Impark 422 E 79th Street,422 E 79th St,New York,New York,10075,40.771879,-73.951627,2.0,,,
82002,Ipark Nyc E 80th Street,345 E 80th St,New York,NY,10075,40.77331,-73.952621,2.0,,,
354086,330 E 80th St - Garage,330 E 80th St,New York,NY,10075,40.773622,-73.95325,,,,
81695,Quik Park 82ND Street LLC,350 E. 82ND St,New York,NY,10028,40.774511,-73.952039,2.0,,,
67387,Quik Park - Tesla,350 E 82nd St,New York,NY,10028,40.7743149,-73.9519209,2.0,,,
105379,Rapidpark 351 East 83RD,351 E 83RD,New York,New York,10028,40.775123,-73.951193,2.0,,,
354101,Rapidpark 351 East 83rd - Tesla Destination,351 E 83rd,New York,NY,10028,40.775123,-73.951193,,,,
67390,Quik Park - Tesla,444 E 86th St,New York,NY,10028,40.7759802,-73.9479174,2.0,,,
67389,CARCHARGING,400 E 84TH ST,New York,NY,10028,40.775377,-73.950411,,,,
114886,Ipark 400 E 85th St,400 E 85th St,Manhattan,New York,10028,40.7759529,-73.949738,4.0,,,
354111,iPark 400 E 85th St - Tesla Destination,400 E 85th St,Manhattan,NY,10028,40.775953,-73.949738,,,,
354129,Fairmount Tenants Group - Garage,401 E 86th St,New York,NY,10028,40.777035,-73.948773,,,,
354125,141 E 89th St - Garage,141 E 89th St,New York,NY,10128,40.776897,-73.948795,,,,
354152,Citizen 360 Condominium,360 E 89th St,New York,NY,10128,40.77873,-73.94838,,,,
458440,Icon Parking - Claridge 87 Parking,200-206 E 88th Street,New York,NY,10128,40.7796871,-73.952595,,,,
92049,GMC Parking Narragansett,124 E 63RD St,New York,New York,10065,40.7758,-73.95087,2.0,,,
246433,171 E 84th St.,171 E 84th St.,New York,NY,10028,40.77798,-73.95555,,,,
263059,Central Parking - 115 E 87th St,115 East 87th Street,New York,NY,10128,40.780678,-73.956269,,,,
354151,113 East 84th Street,113 East 84th Street,New York,NY,10028,40.77866,-73.95739,,,,
354160,118 E 86th Street,118 East 86th Street,New York,NY,10028,40.77968,-73.95657,,,,
81962,Ipark 41 E 85th Street,41 E 85th St,Manhattan,New York,10028,40.779876,-73.958579,2.0,,,
354139,CHHA2 Garages LLC,127 E 83rd St,Manhattan,NY,10028,40.777924,-73.957245,,,,
246431,Duford Studios,127 E 83rd Street,New York,NY,10028,40.777737,-73.957413,,,,
81493,GMC 111 E 82ND St,111 E 82ND St,New York,New York,10065,40.77735,-73.958352,2.0,,,
28437,CARCHARGING,204 E 80th St,New York,NY,10075,40.774703,-73.956695,,,,
246418,305 East 80th Street,305 East 80th Street,New York,NY,10075,40.77397,-73.9539,,,,
246416,Belmont Parking,113 E 84th St,New York,NY,10028,40.773472,-73.955287,,,,
81618,Parkright 300 E 77th St,300 East 77th St,New York,NY,10075,40.771794,-73.955624,2.0,,,
125175,Impark 188 E 78th St,188 E 78th St,Manhattan,New York,10075,40.773665,-73.958333,2.0,,,
354088,IMPark 188 E 78th St - Tesla Destination,188 E 78th St,Manhattan,NY,10075,40.773665,-73.958333,,,,
354081,iPark NYC E 77th Street - Tesla Destination,165 E 77th St,New York,NY,10014,40.773415,-73.959234,,,,
103654,Rapidpark 150 East 77th Street,150 E 77th St,New York,New York,10021,40.773256,-73.959334,2.0,,,
354076,Rapidpark 150 East 77th Street - Tesla Destination,150 E 77th St,New York,NY,10021,40.773256,-73.959334,,,,
354042,Mayfair Apts - Garage,207 E. 74th St,New York,NY,10021,40.770958,-73.958625,,,,
81521,GGMC Parking E 74th Street,300 E 74th St,New York,New York,10021,40.769947,-73.956989,2.0,,,
246398,333 E 75th St.,333 E 75th St.,New York,NY,10021,40.7702,-73.95525,,,,
354011,340 E 74th St.,340 E 74th St.,New York,NY,10021,40.76928,-73.95586,,,,
354018,Parking Systems at 343 E 74th,343 E 74th St,New York,NY,10021,40.76957,-73.95589,,,,
353971,The Somerset - Garage,1365 York Ave,New York,NY,10021,40.767348,-73.953832,,,,
92510,Icon Parking Independent,417 E 71st St,New York,New York,10021,40.766708,-73.955483,2.0,,,
353882,1175 York Ave - 1175 York Garage,1175 York Ave,New York,NY,10065,40.761537,-73.957979,,,,
226928,498 E 67th St,498 E 67th St,New York,NY,10065,40.763723,-73.956354,,,,
246381,Weill Cornell Medical,420 E 70th St,New York,NY,10021,40.765313,-73.955553,,,,
353947,Weill Cornell Medical,1305 York Ave,New York,NY,10065,40.765378,-73.955054,,,,
95515,Icon Parking 515 E 72ND Street,515 E 72ND St,New York,NY,10021,40.766545,-73.95292,2.0,,,
67382,Icon Parking - Tesla,515 E 72nd St,New York,NY,10021,40.7667035,-73.9529622,2.0,,,
113905,Icon Parking 524 East 73RD,524 E 73RD St,New York,New York,10021,40.766736,-73.951891,2.0,,,
353961,Icon Parking 524 East 73rd - Tesla Destination,524 E 73rd St,New York,NY,10021,40.766736,-73.951891,,,,
354017,The Stratford - Garage,1385 York Ave,New York,NY,10021,40.76953,-73.9519,,,,
467213,The Pavilion - Parking Garage,500 E 77th St,New York,NY,10162,40.769563,-73.9508,,,,
226932,STATION 4TH FL MOTORGATE 3,680 Main St,New York,NY,10044,40.764464,-73.946924,,,,
353924,STATION 4TH FL MOTORGATE #1,688 Main St,New York,NY,10044,40.764429,-73.946793,,,,
226929,STATION 4TH FL MOTORGATE #2,Main St/10 River Rd,New York,NY,10044,40.764208,-73.947198,,,,
108803,2702 Queens Plaza South,2702 Queens Plaza S,Queens,New York,11101,40.749941,-73.939887,6.0,,,
353729,MTP Parking 41-42 24th Street - Tesla Destination,41-42 24th St,Long Island City,NY,11101,40.751556,-73.941406,,,,
114914,MTP Parking 41-42 24th Street,41-42 24th St,Long Island City,New York,11101,40.7515557,-73.9414058,4.0,,,
282579,Ravel Hotel,8-08 Queens Pl S,Long Island City,NY,11101,40.75402,-73.9493,,,,
353873,Rockefeller Univ - Garage Ground Floor,500 E 63rd St,New York,NY,10065,40.760823,-73.957536,,,,
353773,TATABROOKFIELD #7,11 E Loop Rd,New York,NY,10044,40.755314,-73.955605,,,,
353768,TATABROOKFIELD GATEWAY #1,11 E Loop Rd,New York,NY,10044,40.755024,-73.955605,,,,
353770,TATABROOKFIELD #2,11 E Loop Rd,New York,NY,10044,40.755077,-73.955605,,,,
246349,Prestige Parking Corp,25 Sutton Place South,New York,NY,10022,40.7565187377,-73.9610743999,,,,
246350,435 E. 55th St.,435 E. 55th St.,New York,NY,10022,40.75657,-73.96226,,,,
246344,EastSide Parking LLC.,45 Sutton Pl,New York,NY,10022,40.755627,-73.961468,,,,
113869,GMC Parking 420 E 53RD,420 E 53RD St,New York,New York,10022,40.755289,-73.963804,1.0,,,
353772,GMC Parking 420 E 53rd - Tesla Destination,420 E 53rd St,New York,NY,10022,40.755289,-73.963804,,,,
97779,Icon Parking Sutton 53,417 E 53RD St,New York,New York,10022,40.755363,-73.963841,2.0,,,
353775,Icon Parking Sutton 53 - Tesla Destination,417 E 53rd St,New York,NY,10022,40.755363,-73.963841,,,,
108967,Sutton Place North Garage,420 E 54th St,New York,New York,10022,40.75552,-73.962734,2.0,,,
353779,Sutton Place North Garage - Tesla Destination,420 E 54th St,New York,NY,10022,40.75552,-73.962734,,,,
246341,Beekman Parking,420 E 51st St,New York,NY,10022,40.754022,-73.965166,,,,
353744,449 East 49th Street,449 East 49th Street,New York,NY,10022,40.75267,-73.96482,,,,
246339,ABM Parking 866 UN Plaza - Tesla Destination,430 E 49th St,New York,NY,10017,40.752641,-73.965187,,,,
353767,351 E 51st St - Garage 1st Floor,351 E 51st St,New York,NY,10022,40.75489,-73.966134,,,,
